company_name,from_location,from_latitude,from_longitude,to_location,to_latitude,to_longitude,departure_time,arrival_time,travel_class,fare,travel_days
CERES,"Araneta Bus Port, Manila",146.62005,121.05760,"Bailan, Pontevedra, Capiz",11.56867,122.75461,10:00 AM,,AC 2x2,₱800,"1, 2, 3, 4, 5, 6, 7"
CERES,"Araneta Bus Port, Manila",146.62005,121.05760,"Roxas, Capiz",11.34095,122.66950,8:00 AM,5:30 PM,AC 2x2,₱350,"1, 2, 3, 4, 5, 6, 7"
CERES,"Araneta Bus Port, Manila",146.62005,121.05760,"Dumarao, Capiz",11.24251,122.69564,8:00 AM,5:30 PM,AC 2x2,₱762.00+,"1, 2, 3, 4, 5, 6, 7"
CERES,"Araneta Bus Port, Manila",146.62005,121.05760,"Ivisan, Capiz",11.53007,122.68454,10:00 AM,,AC 2x2,₱762.00+,"1, 2, 3, 4, 5, 6, 7"
CERES,"Araneta Bus Port, Manila",146.62005,121.05760,"Lotudlotud, Capiz",11.25490,122.25480,10:00 AM,,AC 2x2,₱762.00+,"1, 2, 3, 4, 5, 6, 7"
CERES,"Araneta Bus Port, Manila",146.62005,121.05760,"Mambusao, Capiz",11.42993,122.59879,8:00 AM,5:30 PM,AC 2x2,₱762.00+,"1, 2, 3, 4, 5, 6, 7"
CERES,"Araneta Bus Port, Manila",146.62005,121.05760,"Panitan, Capiz",11.45898,122.77382,10:00 AM,,AC 2x2,₱762.00+,"1, 2, 3, 4, 5, 6, 7"
CERES,"Araneta Bus Port, Manila",146.62005,121.05760,"Pilar, Capiz",11.47926,123.01176,10:00 AM,,AC 2x2,₱762.00+,"1, 2, 3, 4, 5, 6, 7"
CERES,"Araneta Bus Port, Manila",146.62005,121.05760,"Roxas City, Capiz",11.55406,122.73917,10:00 AM,,AC 2x2,₱762.00+,"1, 2, 3, 4, 5, 6, 7"
CERES,"Araneta Bus Port, Manila",146.62005,121.05760,"Sapian, Capiz",11.50015,122.59674,10:00 AM,,AC 2x2,₱762.00+,"1, 2, 3, 4, 5, 6, 7"
CERES,"Araneta Bus Port, Manila",146.62005,121.05760,"Sigma, Capiz",11.44052,122.69591,8:00 AM,5:30 PM,AC 2x2,₱762.00+,"1, 2, 3, 4, 5, 6, 7"
CERES,"Araneta Bus Port, Manila",146.62005,121.05760,"Altavas, Aklan",11.52077,122.46200,8:00 AM,5:30 PM,AC 2x2,₱712.00+,"1, 2, 3, 4, 5, 6, 7"
CERES,"Araneta Bus Port, Manila",146.62005,121.05760,"Balete, Aklan",11.53103,122.37137,8:00 AM,5:30 PM,AC 2x2,₱712.00+,"1, 2, 3, 4, 5, 6, 7"
CERES,"Araneta Bus Port, Manila",146.62005,121.05760,"Banga, Aklan",11.57480,122.32345,8:00 AM,5:30 PM,AC 2x2,₱712.00+,"1, 2, 3, 4, 5, 6, 7"
CERES,"Araneta Bus Port, Manila",146.62005,121.05760,"Caticlan, Malay, Aklan",11.91792,121.96029,8:00 AM,5:30 PM,AC 2x2,₱712.00+,"1, 2, 3, 4, 5, 6, 7"
CERES,"Araneta Bus Port, Manila",146.62005,121.05760,"Ibajay, Aklan",11.75100,122.18660,8:00 AM,5:30 PM,AC 2x2,₱712.00+,"1, 2, 3, 4, 5, 6, 7"
CERES,"Araneta Bus Port, Manila",146.62005,121.05760,"Kalibo, Aklan",11.69864,122.36864,8:00 AM,5:30 PM,AC 2x2,₱712.00+,"1, 2, 3, 4, 5, 6, 7"
CERES,"Araneta Bus Port, Manila",146.62005,121.05760,"Tangalan, Aklan",11.74437,122.23032,8:00 AM,5:30 PM,AC 2x2,₱712.00+,"1, 2, 3, 4, 5, 6, 7"
CERES,"Araneta Bus Port, Manila",146.62005,121.05760,"Anini-Y, Antique",10.45181,121.95863,9:00 AM,,AC 2x2,₱762.00+,"1, 2, 3, 4, 5, 6, 7"
CERES,"Araneta Bus Port, Manila",146.62005,121.05760,"Bugasong, Antique",11.10520,122.14544,9:00 AM,,AC 2x2,₱762.00+,"1, 2, 3, 4, 5, 6, 7"
CERES,"Araneta Bus Port, Manila",146.62005,121.05760,"Culasi, Antique",11.43423,122.09102,9:00 AM,,AC 2x2,₱762.00+,"1, 2, 3, 4, 5, 6, 7"
CERES,"Araneta Bus Port, Manila",146.62005,121.05760,"Dao / Tobias Fornier, Antique",11.38876,122.70734,9:00 AM,,AC 2x2,₱762.00+,"1, 2, 3, 4, 5, 6, 7"
CERES,"Araneta Bus Port, Manila",146.62005,121.05760,"Hamtic, Antique",10.65047,122.02192,9:00 AM,,AC 2x2,₱762.00+,"1, 2, 3, 4, 5, 6, 7"
CERES,"Araneta Bus Port, Manila",146.62005,121.05760,"Pandan, Antique",11.71959,122.09429,9:00 AM,,AC 2x2,₱762.00+,"1, 2, 3, 4, 5, 6, 7"
CERES,"Araneta Bus Port, Manila",146.62005,121.05760,"Patnongon, Antique",10.92201,122.05540,9:00 AM,,AC 2x2,₱762.00+,"1, 2, 3, 4, 5, 6, 7"
CERES,"Araneta Bus Port, Manila",146.62005,121.05760,"Sibalom, Antique",10.76735,122.06337,9:00 AM,,AC 2x2,₱762.00+,"1, 2, 3, 4, 5, 6, 7"
CERES,"Araneta Bus Port, Manila",146.62005,121.05760,"San Jose, Antique",10.75071,121.94645,9:00 AM,,AC 2x2,₱762.00+,"1, 2, 3, 4, 5, 6, 7"
CERES,Manila,146.62005,121.05760,Iloilo (via Batangas Port),10.72005,122.56391,9:00 PM (via Batangas Port),Next Day (via RORO ferry),AC 2x2,₱1500,"1, 2, 3, 4, 5, 6, 7"
CERES,Cebu,13.32773,124.27735,Dumaguete (via Bato-Tampi),9.307000,123.30086,6:00 AM,3:15 AM,AC,₱275,"1, 2, 3, 4, 5, 6, 7"
CERES,Cebu,13.32773,124.17735,Dumaguete (via Bato-Tampi),9.307000,123.30086,7:00 AM,4:15 AM,AC,₱275,"1, 2, 3, 4, 5, 6, 7"
CERES,Cebu,13.32773,124.17735,Dumaguete (via Bato-Tampi),9.307000,123.30086,9:00 AM,5:45 AM,AC,₱275,"1, 2, 3, 4, 5, 6, 7"
CERES,Cebu,13.32773,124.17735,Dumaguete (via Bato-Tampi),9.307000,123.30086,10:00 AM (via Lilo-an – Tampi),6:30 AM,AC,₱275,"1, 2, 3, 4, 5, 6, 7"
CERES,Cebu,13.32773,124.17735,Dumaguete (via Bato-Tampi),9.307000,123.30086,11:30 AM,8:20 AM,AC,₱275,"1, 2, 3, 4, 5, 6, 7"
CERES,Cebu,13.32773,124.17735,Dumaguete (via Bato-Tampi),9.307000,123.30086,1:00 PM,9:15 AM,AC,₱275,"1, 2, 3, 4, 5, 6, 7"
CERES,Cebu,13.32773,124.17735,Dumaguete (via Bato-Tampi),9.307000,123.30086,2:00 PM,10:15 AM,AC,₱275,"1, 2, 3, 4, 5, 6, 7"
CERES,Cebu,13.32773,124.17735,Dumaguete (via Bato-Tampi),9.307000,123.30086,4:00 PM,11:20 PM,AC,₱275,"1, 2, 3, 4, 5, 6, 7"
CERES,Cebu,13.32773,124.17735,Dumaguete (via Bato-Tampi),9.307000,123.30086,5:30 PM,2:15 PM,AC,₱275,"1, 2, 3, 4, 5, 6, 7"
CERES,Cebu,13.32773,124.17735,Dumaguete (via Bato-Tampi),9.307000,123.30086,11:00 PM,10:30 PM,AC,₱275,"1, 2, 3, 4, 5, 6, 7"
CERES,Dumaguete,9.30227,123.29549,Cebu,10.28349,123.86726,3:15 AM,,AC,₱340+,"1, 2, 3, 4, 5, 6, 7"
CERES,Dumaguete,9.30227,123.29549,Cebu,10.28349,123.86726,4:15 AM,,AC,₱340+,"1, 2, 3, 4, 5, 6, 7"
CERES,Dumaguete,9.30227,123.29549,Cebu,10.28349,123.86726,5:45 AM,,AC,₱340+,"1, 2, 3, 4, 5, 6, 7"
CERES,Dumaguete,9.30227,123.29549,Cebu,10.28349,123.86726,6:30 AM,,AC,₱340+,"1, 2, 3, 4, 5, 6, 7"
CERES,Dumaguete,9.30227,123.29549,Cebu,10.28349,123.86726,8:20 AM,,AC,₱340+,"1, 2, 3, 4, 5, 6, 7"
CERES,Dumaguete,9.30227,123.29549,Cebu,10.28349,123.86726,9:15 AM,,AC,₱340+,"1, 2, 3, 4, 5, 6, 7"
CERES,Dumaguete,9.30227,123.29549,Cebu,10.28349,123.86726,10:15 AM,,AC,₱340+,"1, 2, 3, 4, 5, 6, 7"
CERES,Dumaguete,9.30227,123.29549,Cebu,10.28349,123.86726,11:20 AM,,AC,₱340+,"1, 2, 3, 4, 5, 6, 7"
CERES,Dumaguete,9.30227,123.29549,Cebu,10.28349,123.86726,2:15 PM,,AC,₱340+,"1, 2, 3, 4, 5, 6, 7"
CERES,Dumaguete,9.30227,123.29549,Cebu,10.28349,123.86726,10:30 PM,,AC,₱340+,"1, 2, 3, 4, 5, 6, 7"
CERES,Cebu,13.32773,124.27735,Bacolod,10.70644,122.96381,2:00 AM,After 8-10 hours,Regular,₱480,"1, 2, 3, 4, 5, 6, 7"
CERES,Cebu,13.32773,124.27735,Bacolod,10.70644,122.96381,5:00 AM,,Regular,₱480,"1, 2, 3, 4, 5, 6, 7"
CERES,Cebu,13.32773,124.27735,Bacolod,10.70644,122.96381,7:30 AM,,Regular,₱480,"1, 2, 3, 4, 5, 6, 7"
CERES,Cebu,13.32773,124.27735,Bacolod,10.70644,122.96381,9:30 AM,,Regular,₱480,"1, 2, 3, 4, 5, 6, 7"
CERES,Cebu,13.32773,124.27735,Bacolod,10.70644,122.96381,1:30 PM,,Regular,₱480,"1, 2, 3, 4, 5, 6, 7"
CERES,Cebu,13.32773,124.27735,Bacolod,10.70644,122.96381,3:00 PM,,Regular,₱480,"1, 2, 3, 4, 5, 6, 7"
CERES,Cebu,13.32773,124.27735,Bacolod,10.70644,122.96381,10:00 PM,,Regular,₱480,"1, 2, 3, 4, 5, 6, 7"
CERES,Bacolod,10.73392,122.96527,Cebu,10.28349,123.86726,1:30 AM,After 8-10 hours,Regular,₱480,"1, 2, 3, 4, 5, 6, 7"
CERES,Bacolod,10.73392,122.96527,Cebu,10.28349,123.86726,5:00 AM,,Regular,₱480,"1, 2, 3, 4, 5, 6, 7"
CERES,Bacolod,10.73392,122.96527,Cebu,10.28349,123.86726,9:30 AM,,Regular,₱480,"1, 2, 3, 4, 5, 6, 7"
CERES,Bacolod,10.73392,122.96527,Cebu,10.28349,123.86726,11:30 AM,,Regular,₱480,"1, 2, 3, 4, 5, 6, 7"
CERES,Bacolod,10.73392,122.96527,Cebu,10.28349,123.86726,1:30 PM,,Regular,₱480,"1, 2, 3, 4, 5, 6, 7"
CERES,Bacolod,10.73392,122.96527,Cebu,10.28349,123.86726,3:30 PM,,Regular,₱480,"1, 2, 3, 4, 5, 6, 7"
CERES,Bacolod,10.73392,122.96527,Cebu,10.28349,123.86726,11:30 PM,,Regular,₱480,"1, 2, 3, 4, 5, 6, 7"
CERES,Iloilo,10.75461,122.57215,Bacolod,10.70644,122.96381,Hourly from 5:00 AM to 9:00 PM,After 1.5-2 hours,Regular,₱150,"1, 2, 3, 4, 5, 6, 7"
CERES,Bacolod,10.73392,122.57215,Iloilo,10.72005,122.56391,Hourly from 5:00 AM to 9:00 PM,After 1.5-2 hours,Regular,₱150,"1, 2, 3, 4, 5, 6, 7"
CERES,Dumaguete,9.30227,123.29549,Bayawan,9.36375,122.80565,Hourly from 3:00 AM to 7:00 PM,After 1.5-2 hours,Regular,₱80,"1, 2, 3, 4, 5, 6, 7"
CERES,Bayawan,9.36368,122.8057,Dumaguete,9.30700,123.30086,Hourly from 3:00 AM to 7:00 PM,After 1.5-2 hours,Regular,₱80,"1, 2, 3, 4, 5, 6, 7"
VICTORY_LINER,"Cubao, Quezon City",14.62455,121.04863,"Baguio, Benguet",16.41031,120.59859,2:00 AM,4-6 hours,Regular AC,₱630-₱999,"1, 2, 3, 4, 5, 6, 7"
VICTORY_LINER,"Cubao, Quezon City",14.62455,121.04863,"Baguio, Benguet",16.41031,120.59859,4:00 AM,,Regular AC,,"1, 2, 3, 4, 5, 6, 7"
VICTORY_LINER,"Cubao, Quezon City",14.62455,121.04863,"Baguio, Benguet",16.41031,120.59859,5:00 AM,,Regular AC,,"1, 2, 3, 4, 5, 6, 7"
VICTORY_LINER,"Cubao, Quezon City",14.62455,121.04863,"Baguio, Benguet",16.41031,120.59859,6:00 AM,,Regular AC,,"1, 2, 3, 4, 5, 6, 7"
VICTORY_LINER,"Cubao, Quezon City",14.62455,121.04863,"Baguio, Benguet",16.41031,120.59859,8:00 AM,,Regular AC,,"1, 2, 3, 4, 5, 6, 7"
VICTORY_LINER,"Cubao, Quezon City",14.62455,121.04863,"Baguio, Benguet",16.41031,120.59859,10:00 AM,,Regular AC,,"1, 2, 3, 4, 5, 6, 7"
VICTORY_LINER,"Cubao, Quezon City",14.62455,121.04863,"Baguio, Benguet",16.41031,120.59859,10:30 AM,,Regular AC,,"1, 2, 3, 4, 5, 6, 7"
VICTORY_LINER,"Cubao, Quezon City",14.62455,121.04863,"Baguio, Benguet",16.41031,120.59859,11:30 AM,,Regular AC,,"1, 2, 3, 4, 5, 6, 7"
VICTORY_LINER,"Cubao, Quezon City",14.62455,121.04863,"Baguio, Benguet",16.41031,120.59859,12:30 PM,,Regular AC,,"1, 2, 3, 4, 5, 6, 7"
VICTORY_LINER,"Cubao, Quezon City",14.62455,121.04863,"Baguio, Benguet",16.41031,120.59859,2:00 PM,,Regular AC,,"1, 2, 3, 4, 5, 6, 7"
VICTORY_LINER,"Cubao, Quezon City",14.62455,121.04863,"Baguio, Benguet",16.41031,120.59859,4:00 PM,,Regular AC,,"1, 2, 3, 4, 5, 6, 7"
VICTORY_LINER,"Cubao, Quezon City",14.62455,121.04863,"Baguio, Benguet",16.41031,120.59859,6:00 PM,,Regular AC,,"1, 2, 3, 4, 5, 6, 7"
VICTORY_LINER,"Cubao, Quezon City",14.62455,121.04863,"Baguio, Benguet",16.41031,120.59859,8:00 PM,,Regular AC,,"1, 2, 3, 4, 5, 6, 7"
VICTORY_LINER,"Cubao, Quezon City",14.62455,121.04863,"Baguio, Benguet",16.41031,120.59859,9:00 PM,,Regular AC,,"1, 2, 3, 4, 5, 6, 7"
VICTORY_LINER,"Cubao, Quezon City",14.62455,121.04863,"Baguio, Benguet",16.41031,120.59859,11:30 PM,,Regular AC,,"1, 2, 3, 4, 5, 6, 7"
VICTORY_LINER,"Pasay, Metro Manila",14.53874,121.00659,"Baguio, Benguet",16.41031,120.59859,1:15 AM,4-6 hours,Regular AC,₱630-₱999,"1, 2, 3, 4, 5, 6, 7"
VICTORY_LINER,"Pasay, Metro Manila",14.53874,121.00659,"Baguio, Benguet",16.41031,120.59859,2:00 AM,,Regular AC,,"1, 2, 3, 4, 5, 6, 7"
VICTORY_LINER,"Pasay, Metro Manila",14.53874,121.00659,"Baguio, Benguet",16.41031,120.59859,4:00 AM,,Regular AC,,"1, 2, 3, 4, 5, 6, 7"
VICTORY_LINER,"Pasay, Metro Manila",14.53874,121.00659,"Baguio, Benguet",16.41031,120.59859,5:00 AM,,Regular AC,,"1, 2, 3, 4, 5, 6, 7"
VICTORY_LINER,"Pasay, Metro Manila",14.53874,121.00659,"Baguio, Benguet",16.41031,120.59859,10:00 AM,,Regular AC,,"1, 2, 3, 4, 5, 6, 7"
VICTORY_LINER,"Pasay, Metro Manila",14.53874,121.00659,"Baguio, Benguet",16.41031,120.59859,10:30 AM,,Regular AC,,"1, 2, 3, 4, 5, 6, 7"
VICTORY_LINER,"Pasay, Metro Manila",14.53874,121.00659,"Baguio, Benguet",16.41031,120.59859,11:30 AM,,Regular AC,,"1, 2, 3, 4, 5, 6, 7"
VICTORY_LINER,"Pasay, Metro Manila",14.53874,121.00659,"Baguio, Benguet",16.41031,120.59859,2:00 PM,,Regular AC,,"1, 2, 3, 4, 5, 6, 7"
VICTORY_LINER,"Pasay, Metro Manila",14.53874,121.00659,"Baguio, Benguet",16.41031,120.59859,4:00 PM,,Regular AC,,"1, 2, 3, 4, 5, 6, 7"
VICTORY_LINER,"Pasay, Metro Manila",14.53874,121.00659,"Baguio, Benguet",16.41031,120.59859,10:00 PM,,Regular AC,,"1, 2, 3, 4, 5, 6, 7"
VICTORY_LINER,"Pasay, Metro Manila",14.53874,121.00659,"Baguio, Benguet",16.41031,120.59859,11:30 PM,,Regular AC,,"1, 2, 3, 4, 5, 6, 7"
VICTORY_LINER,"Baguio, Benguet",16.41037,120.59867,"Cubao, Quezon City",14.62308,121.04579,2:10 AM,4-6 hours,Regular AC,₱630-₱999,"1, 2, 3, 4, 5, 6, 7"
VICTORY_LINER,"Baguio, Benguet",16.41037,120.59867,"Cubao, Quezon City",14.62308,121.04579,7:40 AM,,Regular AC,,"1, 2, 3, 4, 5, 6, 7"
VICTORY_LINER,"Baguio, Benguet",16.41037,120.59867,"Cubao, Quezon City",14.62308,121.04579,4:15 PM,,Regular AC,,"1, 2, 3, 4, 5, 6, 7"
VICTORY_LINER,"Baguio, Benguet",16.41037,120.59867,"Pasay, Metro Manila",14.53877,121.00649,1:10 AM,4-6 hours,Regular AC,₱630-₱999,"1, 2, 3, 4, 5, 6, 7"
VICTORY_LINER,"Baguio, Benguet",16.41037,120.59867,"Pasay, Metro Manila",14.53877,121.00649,8:10 AM,,Regular AC,,"1, 2, 3, 4, 5, 6, 7"
VICTORY_LINER,"Baguio, Benguet",16.41037,120.59867,"Pasay, Metro Manila",14.53877,121.00649,11:10 AM,,Regular AC,,"1, 2, 3, 4, 5, 6, 7"
VICTORY_LINER,"Baguio, Benguet",16.41037,120.59867,"Pasay, Metro Manila",14.53877,121.00649,12:10 PM,,Regular AC,,"1, 2, 3, 4, 5, 6, 7"
VICTORY_LINER,"Baguio, Benguet",16.41037,120.59867,"Pasay, Metro Manila",14.53877,121.00649,6:10 PM,,Regular AC,,"1, 2, 3, 4, 5, 6, 7"
VICTORY_LINER,"Baguio, Benguet",16.41037,120.59867,"Pasay, Metro Manila",14.53877,121.00649,8:10 PM,,Regular AC,,"1, 2, 3, 4, 5, 6, 7"
VICTORY_LINER,"Sampaloc, Manila",14.60457,120.99285,"Baguio, Benguet",16.41037,120.59867,6:00 AM,4-6 hours,Regular AC,₱616,"1, 2, 3, 4, 5, 6, 7"
VICTORY_LINER,"Sampaloc, Manila",14.60457,120.99285,"Baguio, Benguet",16.41037,120.59867,10:00 AM,,Regular AC,,"1, 2, 3, 4, 5, 6, 7"
VICTORY_LINER,"Baguio, Benguet",16.41037,120.59867,"Sampaloc, Manila",14.60457,120.99285,6:00 AM,4-6 hours,Regular AC,₱616,"1, 2, 3, 4, 5, 6, 7"
VICTORY_LINER,"Baguio, Benguet",16.41037,120.59867,"Sampaloc, Manila",14.60457,120.99285,10:00 AM,,Regular AC,,"1, 2, 3, 4, 5, 6, 7"
VICTORY_LINER,"Cubao, Quezon City",14.62455,121.04863,"Olongapo, Zambales",14.83958,120.28439,4:00 AM,3-4 hours,Regular AC,₱235,"1, 2, 3, 4, 5, 6, 7"
VICTORY_LINER,"Cubao, Quezon City",14.62455,121.04863,"Olongapo, Zambales",14.83958,120.28439,10:00 AM,,Regular AC,,"1, 2, 3, 4, 5, 6, 7"
VICTORY_LINER,"Cubao, Quezon City",14.62455,121.04863,"Olongapo, Zambales",14.83958,120.28439,12:00 NN,,Regular AC,,"1, 2, 3, 4, 5, 6, 7"
VICTORY_LINER,"Cubao, Quezon City",14.62455,121.04863,"Olongapo, Zambales",14.83958,120.28439,6:00 PM,,Regular AC,,"1, 2, 3, 4, 5, 6, 7"
VICTORY_LINER,"Olongapo, Zambales",14.83967,120.28425,"Cubao, Quezon City",14.62455,121.04863,3:10 AM,3-4 hours,Regular AC,₱235,"1, 2, 3, 4, 5, 6, 7"
VICTORY_LINER,"Olongapo, Zambales",14.83967,120.28425,"Cubao, Quezon City",14.62455,121.04863,4:10 AM,,Regular AC,,"1, 2, 3, 4, 5, 6, 7"
VICTORY_LINER,"Olongapo, Zambales",14.83967,120.28425,"Cubao, Quezon City",14.62455,121.04863,9:40 AM,,Regular AC,,"1, 2, 3, 4, 5, 6, 7"
VICTORY_LINER,"Olongapo, Zambales",14.83967,120.28425,"Cubao, Quezon City",14.62455,121.04863,1:30 PM,,Regular AC,,"1, 2, 3, 4, 5, 6, 7"
VICTORY_LINER,"Olongapo, Zambales",14.83967,120.28425,"Cubao, Quezon City",14.62455,121.04863,3:45 PM,,Regular AC,,"1, 2, 3, 4, 5, 6, 7"
VICTORY_LINER,"Pasay, Metro Manila",14.53874,121.00659,"Olongapo, Zambales",14.83961,120.28418,1:30 AM,3-4 hours,Regular AC,₱235,"1, 2, 3, 4, 5, 6, 7"
VICTORY_LINER,"Pasay, Metro Manila",14.53874,121.00659,"Olongapo, Zambales",14.83961,120.28418,12:00 NN,,Regular AC,,"1, 2, 3, 4, 5, 6, 7"
VICTORY_LINER,"Pasay, Metro Manila",14.53874,121.00659,"Olongapo, Zambales",14.83961,120.28418,5:00 PM,,Regular AC,,"1, 2, 3, 4, 5, 6, 7"
VICTORY_LINER,"Olongapo, Zambales",14.83967,120.28425,"Pasay, Metro Manila",14.53874,121.00659,3:10 AM,3-4 hours,Regular AC,₱235,"1, 2, 3, 4, 5, 6, 7"
VICTORY_LINER,"Olongapo, Zambales",14.83967,120.28425,"Pasay, Metro Manila",14.53874,121.00659,6:15 AM,,Regular AC,,"1, 2, 3, 4, 5, 6, 7"
VICTORY_LINER,"Cubao, Quezon City",14.62455,121.04863,"Dagupan, Pangasinan (via TPLEX)",16.04219,120.34416,5:20 AM,5-6 hours,Regular AC,₱350,"1, 2, 3, 4, 5, 6, 7"
VICTORY_LINER,"Cubao, Quezon City",14.62455,121.04863,"Dagupan, Pangasinan (via TPLEX)",16.04219,120.34416,11:20 AM,,Regular AC,,"1, 2, 3, 4, 5, 6, 7"
VICTORY_LINER,"Dagupan, Pangasinan",16.04219,120.34416,"Cubao, Quezon City",14.62455,121.04863,7:20 AM,5-6 hours,Regular AC,₱350,"1, 2, 3, 4, 5, 6, 7"
VICTORY_LINER,"Dagupan, Pangasinan",16.04219,120.34416,"Cubao, Quezon City",14.62455,121.04863,10:00 AM,,Regular AC,,"1, 2, 3, 4, 5, 6, 7"
VICTORY_LINER,"Dagupan, Pangasinan",16.04219,120.34416,"Cubao, Quezon City",14.62455,121.04863,3:00 PM,,Regular AC,,"1, 2, 3, 4, 5, 6, 7"
VICTORY_LINER,"Pasay, Metro Manila",14.53874,121.00659,"Dagupan, Pangasinan (via TPLEX)",16.04219,120.34416,8:00 AM,5-6 hours,Regular AC,₱350,"1, 2, 3, 4, 5, 6, 7"
VICTORY_LINER,"Pasay, Metro Manila",14.53874,121.00659,"Dagupan, Pangasinan (via TPLEX)",16.04219,120.34416,10:00 AM,,Regular AC,,"1, 2, 3, 4, 5, 6, 7"
VICTORY_LINER,"Caloocan, Metro Manila",14.65537,120.9813,"Sta. Cruz, Zambales",14.83965,120.28484,7:30 AM,4-5 hours,Regular AC,₱451,"1, 2, 3, 4, 5, 6, 7"
VICTORY_LINER,"Caloocan, Metro Manila",14.65537,120.9813,"Sta. Cruz, Zambales",14.83965,120.28484,10:30 AM,,Regular AC,,"1, 2, 3, 4, 5, 6, 7"
VICTORY_LINER,"Caloocan, Metro Manila",14.65537,120.9813,"Sta. Cruz, Zambales",14.83965,120.28484,1:30 PM,,Regular AC,,"1, 2, 3, 4, 5, 6, 7"
VICTORY_LINER,"Caloocan, Metro Manila",14.65537,120.9813,"Sta. Cruz, Zambales",14.83965,120.28484,5:30 PM,,Regular AC,,"1, 2, 3, 4, 5, 6, 7"
VICTORY_LINER,"Caloocan, Metro Manila",14.65537,120.9813,"Sta. Cruz, Zambales",14.83965,120.28484,11:55 PM,,Regular AC,,"1, 2, 3, 4, 5, 6, 7"
VICTORY_LINER,"Cubao, Quezon City",14.62455,121.04863,"Lingayen, Pangasinan (via TPLEX)",16.02199,120.23387,5:20 AM,5-6 hours,Regular AC,₱374,"1, 2, 3, 4, 5, 6, 7"
VICTORY_LINER,"Cubao, Quezon City",14.62455,121.04863,"Lingayen, Pangasinan (via TPLEX)",16.02199,120.23387,8:20 AM,,Regular AC,,"1, 2, 3, 4, 5, 6, 7"
VICTORY_LINER,"Cubao, Quezon City",14.62455,121.04863,"Lingayen, Pangasinan (via TPLEX)",16.02199,120.23387,2:00 PM,,Regular AC,,"1, 2, 3, 4, 5, 6, 7"
VICTORY_LINER,"Cubao, Quezon City",14.62455,121.04863,"Lingayen, Pangasinan (via TPLEX)",16.02199,120.23387,5:20 PM,,Regular AC,,"1, 2, 3, 4, 5, 6, 7"
VICTORY_LINER,"Manila (Pasay, Cubao)",14.53873,121.00658,"Tuguegarao, Cagayan",17.63107,121.7339,6:20 AM,8-10 hours,Regular AC,₱700-₱800,"1, 2, 3, 4, 5, 6, 7"
VICTORY_LINER,"Manila (Pasay, Cubao)",14.53873,121.00658,"Tuguegarao, Cagayan",17.63107,121.7339,12:20 PM,,Regular AC,,"1, 2, 3, 4, 5, 6, 7"
VICTORY_LINER,"Manila (Pasay, Cubao)",14.53873,121.00658,"Tuguegarao, Cagayan",17.63107,121.7339,3:00 PM,,Regular AC,,"1, 2, 3, 4, 5, 6, 7"
VICTORY_LINER,"Manila (Pasay, Cubao)",14.53873,121.00658,"Tuguegarao, Cagayan",17.63107,121.7339,4:00 PM,,Regular AC,,"1, 2, 3, 4, 5, 6, 7"
VICTORY_LINER,"Manila (Pasay, Cubao)",14.53873,121.00658,"Tuguegarao, Cagayan",17.63107,121.7339,6:00 PM,,Regular AC,,"1, 2, 3, 4, 5, 6, 7"
FIVE_STAR,"Cubao, Quezon City",14.62385,121.0495,"Dagupan, Pangasinan",16.04219,120.34413,7:00 AM,5-6 hours,Regular,₱300-₱400,"1, 2, 3, 4, 5, 6, 7"
FIVE_STAR,"Cubao, Quezon City",14.62385,121.0495,"Dagupan, Pangasinan",,,8:00 AM,,Regular,,"1, 2, 3, 4, 5, 6, 7"
FIVE_STAR,"Cubao, Quezon City",14.62385,121.0495,"Dagupan, Pangasinan",,,9:30 AM,,Regular,,"1, 2, 3, 4, 5, 6, 7"
FIVE_STAR,"Cubao, Quezon City",14.62385,121.0495,"Dagupan, Pangasinan",,,12:00 PM,,Regular,,"1, 2, 3, 4, 5, 6, 7"
FIVE_STAR,"Cubao, Quezon City",14.62385,121.0495,"Dagupan, Pangasinan",,,12:45 PM,,Regular,,"1, 2, 3, 4, 5, 6, 7"
FIVE_STAR,"Cubao, Quezon City",14.62385,121.0495,"Dagupan, Pangasinan",,,1:30 PM,,Regular,,"1, 2, 3, 4, 5, 6, 7"
FIVE_STAR,"Cubao, Quezon City",14.62385,121.0495,"Dagupan, Pangasinan",,,2:00 PM,,Regular,,"1, 2, 3, 4, 5, 6, 7"
FIVE_STAR,"Cubao, Quezon City",14.62385,121.0495,"Dagupan, Pangasinan",,,2:15 PM,,Regular,,"1, 2, 3, 4, 5, 6, 7"
FIVE_STAR,"Cubao, Quezon City",14.62385,121.0495,"Dagupan, Pangasinan",,,3:00 PM,,Regular,,"1, 2, 3, 4, 5, 6, 7"
FIVE_STAR,"Cubao, Quezon City",14.62385,121.0495,"Dagupan, Pangasinan",,,3:45 PM,,Regular,,"1, 2, 3, 4, 5, 6, 7"
FIVE_STAR,"Cubao, Quezon City",14.62385,121.0495,"Dagupan, Pangasinan",,,4:00 PM,,Regular,,"1, 2, 3, 4, 5, 6, 7"
FIVE_STAR,"Cubao, Quezon City",14.62385,121.0495,"Dagupan, Pangasinan",,,4:30 PM,,Regular,,"1, 2, 3, 4, 5, 6, 7"
FIVE_STAR,"Cubao, Quezon City",14.62385,121.0495,"Dagupan, Pangasinan",,,5:15 PM,,Regular,,"1, 2, 3, 4, 5, 6, 7"
FIVE_STAR,"Cubao, Quezon City",14.62385,121.0495,"Dagupan, Pangasinan",,,6:00 PM,,Regular,,"1, 2, 3, 4, 5, 6, 7"
FIVE_STAR,"Cubao, Quezon City",14.62385,121.0495,"Dagupan, Pangasinan",,,6:45 PM,,Regular,,"1, 2, 3, 4, 5, 6, 7"
FIVE_STAR,"Cubao, Quezon City",14.62385,121.0495,"Tayug, Pangasinan",,,11:00 AM,6-7 hours,Regular,₱500,"1, 2, 3, 4, 5, 6, 7"
FIVE_STAR,"Cubao, Quezon City",14.62385,121.0495,"Tayug, Pangasinan",,,3:00 PM,,Regular,,"1, 2, 3, 4, 5, 6, 7"
FIVE_STAR,"Cubao, Quezon City",14.62385,121.0495,"Madella, Quirino",,,8:00 PM,7-8 hours,Regular,₱550,"1, 2, 3, 4, 5, 6, 7"
FIVE_STAR,"Cubao, Quezon City",14.62385,121.0495,"Madella, Quirino",,,10:00 PM,,Regular,,"1, 2, 3, 4, 5, 6, 7"
FIVE_STAR,"Rizal Avenua, Caloocan, Manila",15.19945,121.06089,"Dagupan, Pangasinan",,,9:40 AM,5-6 hours,Regular,₱300-₱400,"1, 2, 3, 4, 5, 6, 7"
FIVE_STAR,"Rizal Avenua, Caloocan, Manila",15.19945,121.06089,"Dagupan, Pangasinan",,,11:40 AM,,Regular,,"1, 2, 3, 4, 5, 6, 7"
FIVE_STAR,"Rizal Avenua, Caloocan, Manila",15.19945,121.06089,"Dagupan, Pangasinan",,,2:00 PM,,Regular,,"1, 2, 3, 4, 5, 6, 7"
FIVE_STAR,"Rizal Avenua, Caloocan, Manila",15.19945,121.06089,"Dagupan, Pangasinan",,,4:00 PM,,Regular,,"1, 2, 3, 4, 5, 6, 7"
FIVE_STAR,"Rizal Avenua, Caloocan, Manila",15.19945,121.06089,"Dagupan, Pangasinan",,,6:00 PM,,Regular,,"1, 2, 3, 4, 5, 6, 7"
FIVE_STAR,"Cubao, Quezon City",14.62385,121.0495,"Bolinao, Pangasinan",,,12:00 PM,6-7 hours,Regular,₱635-₱649,"1, 2, 3, 4, 5, 6, 7"
FIVE_STAR,"Cubao, Quezon City",14.62385,121.0495,"Bolinao, Pangasinan",,,3:00 PM,,Regular,,"1, 2, 3, 4, 5, 6, 7"
FIVE_STAR,"Cubao, Quezon City",14.62385,121.0495,"Bolinao, Pangasinan",,,8:00 PM,,Regular,,"1, 2, 3, 4, 5, 6, 7"
FIVE_STAR,"Pasay, Metro Manila",14.53658,121.0036,"Bolinao, Pangasinan",,,4:40 AM,6-7 hours,Regular,₱649,"1, 2, 3, 4, 5, 6, 7"
FIVE_STAR,"Pasay, Metro Manila",14.53658,121.0036,"Bolinao, Pangasinan",,,5:30 AM,,Regular,,"1, 2, 3, 4, 5, 6, 7"
FIVE_STAR,"Pasay, Metro Manila",14.53658,121.0036,"Bolinao, Pangasinan",,,8:50 AM,,Regular,,"1, 2, 3, 4, 5, 6, 7"
FIVE_STAR,"Pasay, Metro Manila",14.53658,121.0036,"Bolinao, Pangasinan",,,12:20 PM,,Regular,,"1, 2, 3, 4, 5, 6, 7"
FIVE_STAR,"Pasay, Metro Manila",14.53658,121.0036,"Bolinao, Pangasinan",,,2:00 PM,,Regular,,"1, 2, 3, 4, 5, 6, 7"
FIVE_STAR,"Pasay, Metro Manila",14.53658,121.0036,"Bolinao, Pangasinan",,,4:00 PM,,Regular,,"1, 2, 3, 4, 5, 6, 7"
FIVE_STAR,"Pasay, Metro Manila",14.53658,121.0036,"Bolinao, Pangasinan",,,7:00 PM,,Regular,,"1, 2, 3, 4, 5, 6, 7"
FIVE_STAR,"Pasay, Metro Manila",14.53658,121.0036,"Bolinao, Pangasinan",,,9:45 PM,,Regular,,"1, 2, 3, 4, 5, 6, 7"
FIVE_STAR,"Pasay, Metro Manila",14.53658,121.0036,"Bolinao, Pangasinan",,,11:59 PM,,Regular,,"1, 2, 3, 4, 5, 6, 7"
FIVE_STAR,"Pasay, Metro Manila",14.53658,121.0036,"Dagupan, Pangasinan",,,12:45 AM,5-6 hours,Regular,₱300-₱400,"1, 2, 3, 4, 5, 6, 7"
FIVE_STAR,"Pasay, Metro Manila",14.53658,121.0036,"Dagupan, Pangasinan",,,5:00 AM,,Regular,,"1, 2, 3, 4, 5, 6, 7"
FIVE_STAR,"Pasay, Metro Manila",14.53658,121.0036,"Dagupan, Pangasinan",,,7:00 AM,,Regular,,"1, 2, 3, 4, 5, 6, 7"
FIVE_STAR,"Pasay, Metro Manila",14.53658,121.0036,"Dagupan, Pangasinan",,,8:00 AM,,Regular,,"1, 2, 3, 4, 5, 6, 7"
FIVE_STAR,"Pasay, Metro Manila",14.53658,121.0036,"Dagupan, Pangasinan",,,9:00 AM,,Regular,,"1, 2, 3, 4, 5, 6, 7"
FIVE_STAR,"Pasay, Metro Manila",14.53658,121.0036,"Dagupan, Pangasinan",,,9:40 AM,,Regular,,"1, 2, 3, 4, 5, 6, 7"
FIVE_STAR,"Pasay, Metro Manila",14.53658,121.0036,"Dagupan, Pangasinan",,,10:20 AM,,Regular,,"1, 2, 3, 4, 5, 6, 7"
FIVE_STAR,"Pasay, Metro Manila",14.53658,121.0036,"Dagupan, Pangasinan",,,11:40 AM,,Regular,,"1, 2, 3, 4, 5, 6, 7"
FIVE_STAR,"Pasay, Metro Manila",14.53658,121.0036,"Dagupan, Pangasinan",,,1:00 PM,,Regular,,"1, 2, 3, 4, 5, 6, 7"
FIVE_STAR,"Pasay, Metro Manila",14.53658,121.0036,"Dagupan, Pangasinan",,,3:00 PM,,Regular,,"1, 2, 3, 4, 5, 6, 7"
FIVE_STAR,"Pasay, Metro Manila",14.53658,121.0036,"Dagupan, Pangasinan",,,4:00 PM,,Regular,,"1, 2, 3, 4, 5, 6, 7"
FIVE_STAR,"Pasay, Metro Manila",14.53658,121.0036,"Dagupan, Pangasinan",,,5:00 PM,,Regular,,"1, 2, 3, 4, 5, 6, 7"
FIVE_STAR,"Pasay, Metro Manila",14.53658,121.0036,"Dagupan, Pangasinan",,,6:00 PM,,Regular,,"1, 2, 3, 4, 5, 6, 7"
FIVE_STAR,"Pasay, Metro Manila",14.53658,121.0036,"Dagupan, Pangasinan",,,8:00 PM,,Regular,,"1, 2, 3, 4, 5, 6, 7"
FIVE_STAR,"Dagupan, Pangasinan",16.04295,120.34411,"Pasay, Metro Manila",,,2:00 AM,5-6 hours,Regular,₱300-₱400,"1, 2, 3, 4, 5, 6, 7"
FIVE_STAR,"Dagupan, Pangasinan",16.04295,120.34411,"Pasay, Metro Manila",,,3:00 AM,,Regular,,"1, 2, 3, 4, 5, 6, 7"
FIVE_STAR,"Dagupan, Pangasinan",16.04295,120.34411,"Pasay, Metro Manila",,,4:00 AM,,Regular,,"1, 2, 3, 4, 5, 6, 7"
FIVE_STAR,"Dagupan, Pangasinan",16.04295,120.34411,"Pasay, Metro Manila",,,5:00 AM,,Regular,,"1, 2, 3, 4, 5, 6, 7"
FIVE_STAR,"Dagupan, Pangasinan",16.04295,120.34411,"Pasay, Metro Manila",,,6:00 AM,,Regular,,"1, 2, 3, 4, 5, 6, 7"
FIVE_STAR,"Dagupan, Pangasinan",16.04295,120.34411,"Pasay, Metro Manila",,,7:00 AM,,Regular,,"1, 2, 3, 4, 5, 6, 7"
FIVE_STAR,"Dagupan, Pangasinan",16.04295,120.34411,"Pasay, Metro Manila",,,8:00 AM,,Regular,,"1, 2, 3, 4, 5, 6, 7"
FIVE_STAR,"Dagupan, Pangasinan",16.04295,120.34411,"Pasay, Metro Manila",,,9:00 AM,,Regular,,"1, 2, 3, 4, 5, 6, 7"
FIVE_STAR,"Dagupan, Pangasinan",16.04295,120.34411,"Pasay, Metro Manila",,,12:45 PM,,Regular,,"1, 2, 3, 4, 5, 6, 7"
FIVE_STAR,"Dagupan, Pangasinan",16.04295,120.34411,"Pasay, Metro Manila",,,2:40 PM,,Regular,,"1, 2, 3, 4, 5, 6, 7"
FIVE_STAR,"Sampaloc, Manila",14.60074,120.99555,"Santiago, Isabela",,,4:30 AM,7-8 hours,Regular,₱550-₱600,"1, 2, 3, 4, 5, 6, 7"
FIVE_STAR,"Sampaloc, Manila",14.60074,120.99555,"Santiago, Isabela",,,6:30 AM,,Regular,,"1, 2, 3, 4, 5, 6, 7"
FIVE_STAR,"Sampaloc, Manila",14.60074,120.99555,"Santiago, Isabela",,,8:30 AM,,Regular,,"1, 2, 3, 4, 5, 6, 7"
FIVE_STAR,"Tuguegarao, Cagayan",17.62758,121.72735,"Cubao, Quezon City",,,6:20 AM,8-10 hours,Regular,₱700-₱800,"1, 2, 3, 4, 5, 6, 7"
FIVE_STAR,"Tuguegarao, Cagayan",17.62758,121.72735,"Cubao, Quezon City",,,12:20 PM,,Regular,,"1, 2, 3, 4, 5, 6, 7"
FIVE_STAR,"Tuguegarao, Cagayan",17.62758,121.72735,"Cubao, Quezon City",,,3:00 PM,,Regular,,"1, 2, 3, 4, 5, 6, 7"
FIVE_STAR,"Tuguegarao, Cagayan",17.62758,121.72735,"Cubao, Quezon City",,,4:00 PM,,Regular,,"1, 2, 3, 4, 5, 6, 7"
FIVE_STAR,"Tuguegarao, Cagayan",17.62758,121.72735,"Cubao, Quezon City",,,6:00 PM,,Regular,,"1, 2, 3, 4, 5, 6, 7"
FIVE_STAR,"Cabanatuan, Nueva Ecija",15.47292,120.96917,"Cubao, Quezon City",,,6:30 AM,3-4 hours,Regular,₱250-₱300,"1, 2, 3, 4, 5, 6, 7"
FIVE_STAR,"Cabanatuan, Nueva Ecija",15.47292,120.96917,"Cubao, Quezon City",,,8:00 AM,,Regular,,"1, 2, 3, 4, 5, 6, 7"
FIVE_STAR,"Cabanatuan, Nueva Ecija",15.47292,120.96917,"Cubao, Quezon City",,,9:30 AM,,Regular,,"1, 2, 3, 4, 5, 6, 7"
FIVE_STAR,"Cabanatuan, Nueva Ecija",15.47292,120.96917,"Cubao, Quezon City",,,11:30 AM,,Regular,,"1, 2, 3, 4, 5, 6, 7"
FIVE_STAR,"Cabanatuan, Nueva Ecija",15.47292,120.96917,"Cubao, Quezon City",,,1:30 PM,,Regular,,"1, 2, 3, 4, 5, 6, 7"
FIVE_STAR,"Cabanatuan, Nueva Ecija",15.47292,120.96917,"Cubao, Quezon City",,,3:30 PM,,Regular,,"1, 2, 3, 4, 5, 6, 7"
FIVE_STAR,"Cabanatuan, Nueva Ecija",15.47292,120.96917,"Cubao, Quezon City",,,4:30 PM,,Regular,,"1, 2, 3, 4, 5, 6, 7"
FIVE_STAR,"Cabanatuan, Nueva Ecija",15.47292,120.96917,"Cubao, Quezon City",,,6:00 PM,,Regular,,"1, 2, 3, 4, 5, 6, 7"
FIVE_STAR,"Cabanatuan, Nueva Ecija",15.47292,120.96917,"Pasay, Metro Manila",,,2:00 AM,3-4 hours,Regular,₱250-₱300,"1, 2, 3, 4, 5, 6, 7"
FIVE_STAR,"Cabanatuan, Nueva Ecija",15.47292,120.96917,"Pasay, Metro Manila",,,3:00 AM,,Regular,,"1, 2, 3, 4, 5, 6, 7"
BACHELORS_EXPRESS,Davao,,,Butuan,,,12:00 AM,6:30 AM,Premium Class,"₱690 SP/₱2,600 FULL","1, 2, 3, 4, 5, 6, 7"
BACHELORS_EXPRESS,Davao,,,Butuan,,,8:00 PM,2:30 AM,Premium Class,"₱690 SP/₱2,600 FULL","1, 2, 3, 4, 5, 6, 7"
BACHELORS_EXPRESS,Davao,,,Butuan,,,10:00 PM,4:30 AM,Premium Class,"₱690 SP/₱2,600 FULL","1, 2, 3, 4, 5, 6, 7"
BACHELORS_EXPRESS,Davao,,,Butuan,,,6:00 AM,9:00 PM,Roro Bus,"₱690 SP/₱2,600 FULL","1, 2, 3, 4, 5, 6, 7"
BACHELORS_EXPRESS,Davao,,,Butuan,,,11:00 AM,2:00 AM,Roro Bus,"₱690 SP/₱2,600 FULL","1, 2, 3, 4, 5, 6, 7"
BACHELORS_EXPRESS,Davao,,,Butuan,,,6:00 PM,9:00 AM,Roro Bus,"₱690 SP/₱2,600 FULL","1, 2, 3, 4, 5, 6, 7"
BACHELORS_EXPRESS,Davao,,,Butuan,,,6:20 PM,9:20 AM,Roro Bus,"₱690 SP/₱2,600 FULL","1, 2, 3, 4, 5, 6, 7"
BACHELORS_EXPRESS,Davao,,,Butuan,,,6:00 AM,9:00 PM,Roro Bus,"₱690 SP/₱2,600 FULL","1, 2, 3, 4, 5, 6, 7"
BACHELORS_EXPRESS,Davao,,,Butuan,,,9:00 AM,12:00 AM,Roro Bus,"₱690 SP/₱2,600 FULL","1, 2, 3, 4, 5, 6, 7"
BACHELORS_EXPRESS,Davao,,,Butuan,,,12:00 PM,3:00 AM,Roro Bus,"₱690 SP/₱2,600 FULL","1, 2, 3, 4, 5, 6, 7"
BACHELORS_EXPRESS,Davao,,,Butuan,,,4:00 PM,7:00 AM,Roro Bus,"₱690 SP/₱2,600 FULL","1, 2, 3, 4, 5, 6, 7"
BACHELORS_EXPRESS,Davao,,,Butuan,,,6:00 PM,9:00 AM,Roro Bus,"₱690 SP/₱2,600 FULL","1, 2, 3, 4, 5, 6, 7"
BACHELORS_EXPRESS,Davao,,,Butuan,,,9:00 AM,11:00 PM,Roro Bus,"₱690 SP/₱2,600 FULL","1, 2, 3, 4, 5, 6, 7"
BACHELORS_EXPRESS,Davao,,,Butuan,,,4:00 PM,6:00 AM,Roro Bus,"₱690 SP/₱2,600 FULL","1, 2, 3, 4, 5, 6, 7"
BACHELORS_EXPRESS,Davao,,,Butuan,,,10:00 PM,12:00 PM,Roro Bus,"₱690 SP/₱2,600 FULL","1, 2, 3, 4, 5, 6, 7"
BACHELORS_EXPRESS,Davao,,,Butuan,,,12:00 AM,6:30 AM,Premium Class,"₱690 SP/₱2,600 FULL","1, 2, 3, 4, 5, 6, 7"
BACHELORS_EXPRESS,Davao,,,Butuan,,,8:00 PM,2:30 AM,Premium Class,"₱690 SP/₱2,600 FULL","1, 2, 3, 4, 5, 6, 7"
BACHELORS_EXPRESS,Davao,,,Butuan,,,10:00 PM,4:30 AM,Premium Class,"₱690 SP/₱2,600 FULL","1, 2, 3, 4, 5, 6, 7"
BACHELORS_EXPRESS,Davao,,,Butuan,,,6:00 AM,8:00 PM,Roro Bus,"₱690 SP/₱2,600 FULL","1, 2, 3, 4, 5, 6, 7"
BACHELORS_EXPRESS,Davao,,,Butuan,,,8:00 AM,10:00 PM,Roro Bus,"₱690 SP/₱2,600 FULL","1, 2, 3, 4, 5, 6, 7"
BACHELORS_EXPRESS,Davao,,,Butuan,,,10:00 AM,12:00 AM,Roro Bus,"₱690 SP/₱2,600 FULL","1, 2, 3, 4, 5, 6, 7"
BACHELORS_EXPRESS,Davao,,,Butuan,,,2:00 PM,4:00 AM,Roro Bus,"₱690 SP/₱2,600 FULL","1, 2, 3, 4, 5, 6, 7"
BACHELORS_EXPRESS,Butuan,,,Davao,,,7:05 AM,1:35 PM,Standard AC,₱980 SP/₱1100 FULL,"1, 2, 3, 4, 5, 6, 7"
BACHELORS_EXPRESS,Butuan,,,Davao,,,11:00 PM,5:30 AM,Standard AC,₱980 SP/₱1100 FULL,"1, 2, 3, 4, 5, 6, 7"
BACHELORS_EXPRESS,Butuan,,,Davao,,,5:05 PM,11:35 PM,Standard AC,₱980 SP/₱1100 FULL,"1, 2, 3, 4, 5, 6, 7"
BACHELORS_EXPRESS,Butuan,,,Davao,,,3:05 PM,9:35 PM,Standard AC,₱980 SP/₱1100 FULL,"1, 2, 3, 4, 5, 6, 7"
BACHELORS_EXPRESS,Butuan,,,Davao,,,1:05 PM,7:35 PM,Standard AC,₱980 SP/₱1100 FULL,"1, 2, 3, 4, 5, 6, 7"
BACHELORS_EXPRESS,Butuan,,,Davao,,,11:05 AM,5:35 PM,Standard AC,₱980 SP/₱1100 FULL,"1, 2, 3, 4, 5, 6, 7"
BACHELORS_EXPRESS,Butuan,,,Davao,,,9:05 AM,3:35 PM,Standard AC,₱980 SP/₱1100 FULL,"1, 2, 3, 4, 5, 6, 7"
BACHELORS_EXPRESS,Butuan,,,Davao,,,3:00 AM,9:30 AM,Standard AC,₱980 SP/₱1100 FULL,"1, 2, 3, 4, 5, 6, 7"
BACHELORS_EXPRESS,Butuan,,,Davao,,,4:05 AM,10:35 AM,Standard AC,₱980 SP/₱1100 FULL,"1, 2, 3, 4, 5, 6, 7"
BACHELORS_EXPRESS,Butuan,,,Davao,,,6:05 AM,12:35 PM,Standard AC,₱980 SP/₱1100 FULL,"1, 2, 3, 4, 5, 6, 7"
BACHELORS_EXPRESS,Butuan,,,Davao,,,4:00 AM,10:30 AM,Standard AC,₱980 SP/₱1100 FULL,"1, 2, 3, 4, 5, 6, 7"
BACHELORS_EXPRESS,Butuan,,,Davao,,,5:00 AM,11:30 AM,Standard AC,₱980 SP/₱1100 FULL,"1, 2, 3, 4, 5, 6, 7"
BACHELORS_EXPRESS,Butuan,,,Davao,,,6:05 AM,12:35 PM,Standard AC,₱980 SP/₱1100 FULL,"1, 2, 3, 4, 5, 6, 7"
BACHELORS_EXPRESS,Butuan,,,Davao,,,7:05 AM,1:35 PM,Standard AC,₱980 SP/₱1100 FULL,"1, 2, 3, 4, 5, 6, 7"
BACHELORS_EXPRESS,Butuan,,,Davao,,,8:05 AM,2:35 PM,Standard AC,₱980 SP/₱1100 FULL,"1, 2, 3, 4, 5, 6, 7"
BACHELORS_EXPRESS,Butuan,,,Davao,,,9:05 AM,3:35 PM,Standard AC,₱980 SP/₱1100 FULL,"1, 2, 3, 4, 5, 6, 7"
BACHELORS_EXPRESS,Butuan,,,Davao,,,10:05 AM,4:35 PM,Standard AC,₱980 SP/₱1100 FULL,"1, 2, 3, 4, 5, 6, 7"
BACHELORS_EXPRESS,Butuan,,,Davao,,,12:05 PM,6:35 PM,Standard AC,₱980 SP/₱1100 FULL,"1, 2, 3, 4, 5, 6, 7"
BACHELORS_EXPRESS,Butuan,,,Davao,,,3:05 PM,9:35 PM,Standard AC,₱980 SP/₱1100 FULL,"1, 2, 3, 4, 5, 6, 7"
BACHELORS_EXPRESS,Butuan,,,Davao,,,8:00 PM,2:30 AM,Standard AC,₱980 SP/₱1100 FULL,"1, 2, 3, 4, 5, 6, 7"
BACHELORS_EXPRESS,Butuan,,,Davao,,,12:00 AM,4:00 AM,Standard AC,₱980 SP/₱1100 FULL,"1, 2, 3, 4, 5, 6, 7"
BACHELORS_EXPRESS,Butuan,,,Davao,,,8:00 PM,12:00 AM,Standard AC,₱980 SP/₱1100 FULL,"1, 2, 3, 4, 5, 6, 7"
BACHELORS_EXPRESS,Butuan,,,Davao,,,10:00 PM,2:00 AM,Standard AC,₱980 SP/₱1100 FULL,"1, 2, 3, 4, 5, 6, 7"
BACHELORS_EXPRESS,Butuan,,,Davao,,,12:00 AM,4:00 AM,Standard AC,₱980 SP/₱1100 FULL,"1, 2, 3, 4, 5, 6, 7"
BACHELORS_EXPRESS,Butuan,,,Davao,,,10:00 PM,2:00 AM,Standard AC,₱980 SP/₱1100 FULL,"1, 2, 3, 4, 5, 6, 7"
BACHELORS_EXPRESS,Butuan,,,Davao,,,8:00 PM,12:00 AM,Standard AC,₱980 SP/₱1100 FULL,"1, 2, 3, 4, 5, 6, 7"
BACHELORS_EXPRESS,Butuan,,,Davao,,,8:00 AM,3:00 PM,Standard AC,₱980 SP/₱1100 FULL,"1, 2, 3, 4, 5, 6, 7"
BACHELORS_EXPRESS,Butuan,,,Davao,,,6:00 AM,1:00 PM,Standard AC,₱980 SP/₱1100 FULL,"1, 2, 3, 4, 5, 6, 7"
BACHELORS_EXPRESS,Butuan,,,Davao,,,4:15 AM,11:15 AM,Standard AC,₱980 SP/₱1100 FULL,"1, 2, 3, 4, 5, 6, 7"
BACHELORS_EXPRESS,Butuan,,,Davao,,,1:30 AM,8:30 AM,Standard AC,₱980 SP/₱1100 FULL,"1, 2, 3, 4, 5, 6, 7"
BACHELORS_EXPRESS,Butuan,,,Davao,,,7:05 AM,1:35 PM,Standard AC,₱980 SP/₱1100 FULL,"1, 2, 3, 4, 5, 6, 7"
BACHELORS_EXPRESS,Butuan,,,Davao,,,11:00 PM,5:30 AM,Standard AC,₱980 SP/₱1100 FULL,"1, 2, 3, 4, 5, 6, 7"
BACHELORS_EXPRESS,Butuan,,,Davao,,,5:05 PM,11:35 PM,Standard AC,₱980 SP/₱1100 FULL,"1, 2, 3, 4, 5, 6, 7"
BACHELORS_EXPRESS,Butuan,,,Davao,,,3:05 PM,9:35 PM,Standard AC,₱980 SP/₱1100 FULL,"1, 2, 3, 4, 5, 6, 7"
BACHELORS_EXPRESS,Butuan,,,Davao,,,1:05 PM,7:35 PM,Standard AC,₱980 SP/₱1100 FULL,"1, 2, 3, 4, 5, 6, 7"
BACHELORS_EXPRESS,Butuan,,,Davao,,,11:05 AM,5:35 PM,Standard AC,₱980 SP/₱1100 FULL,"1, 2, 3, 4, 5, 6, 7"
BACHELORS_EXPRESS,Butuan,,,Davao,,,9:05 AM,3:35 PM,Standard AC,₱980 SP/₱1100 FULL,"1, 2, 3, 4, 5, 6, 7"
BACHELORS_EXPRESS,Butuan,,,Davao,,,3:00 AM,9:30 AM,Standard AC,₱980 SP/₱1100 FULL,"1, 2, 3, 4, 5, 6, 7"
BACHELORS_EXPRESS,Butuan,,,Davao,,,4:05 AM,10:35 AM,Standard AC,₱980 SP/₱1100 FULL,"1, 2, 3, 4, 5, 6, 7"
BACHELORS_EXPRESS,Butuan,,,Davao,,,6:05 AM,12:35 PM,Standard AC,₱980 SP/₱1100 FULL,"1, 2, 3, 4, 5, 6, 7"
BACHELORS_EXPRESS,Butuan,,,Davao,,,4:00 AM,10:30 AM,Standard AC,₱980 SP/₱1100 FULL,"1, 2, 3, 4, 5, 6, 7"
BACHELORS_EXPRESS,Butuan,,,Davao,,,5:00 AM,11:30 AM,Standard AC,₱980 SP/₱1100 FULL,"1, 2, 3, 4, 5, 6, 7"
BACHELORS_EXPRESS,Butuan,,,Davao,,,6:05 AM,12:35 PM,Standard AC,₱980 SP/₱1100 FULL,"1, 2, 3, 4, 5, 6, 7"
BACHELORS_EXPRESS,Butuan,,,Davao,,,7:05 AM,1:35 PM,Standard AC,₱980 SP/₱1100 FULL,"1, 2, 3, 4, 5, 6, 7"
BACHELORS_EXPRESS,Butuan,,,Davao,,,8:05 AM,2:35 PM,Standard AC,₱980 SP/₱1100 FULL,"1, 2, 3, 4, 5, 6, 7"
BACHELORS_EXPRESS,Butuan,,,Davao,,,9:05 AM,3:35 PM,Standard AC,₱980 SP/₱1100 FULL,"1, 2, 3, 4, 5, 6, 7"
BACHELORS_EXPRESS,Butuan,,,Davao,,,10:05 AM,4:35 PM,Standard AC,₱980 SP/₱1100 FULL,"1, 2, 3, 4, 5, 6, 7"
BACHELORS_EXPRESS,Butuan,,,Davao,,,12:05 PM,6:35 PM,Standard AC,₱980 SP/₱1100 FULL,"1, 2, 3, 4, 5, 6, 7"
BACHELORS_EXPRESS,Butuan,,,Davao,,,3:05 PM,9:35 PM,Standard AC,₱980 SP/₱1100 FULL,"1, 2, 3, 4, 5, 6, 7"
BACHELORS_EXPRESS,Butuan,,,Davao,,,8:00 PM,2:30 AM,Standard AC,₱980 SP/₱1100 FULL,"1, 2, 3, 4, 5, 6, 7"
BACHELORS_EXPRESS,Butuan,,,Davao,,,12:00 AM,4:00 AM,Premium Class,₱980 SP/₱1100 FULL,"1, 2, 3, 4, 5, 6, 7"
BACHELORS_EXPRESS,Butuan,,,Davao,,,8:00 PM,12:00 AM,Premium Class,₱980 SP/₱1100 FULL,"1, 2, 3, 4, 5, 6, 7"
BACHELORS_EXPRESS,Butuan,,,Davao,,,10:00 PM,2:00 AM,Premium Class,₱980 SP/₱1100 FULL,"1, 2, 3, 4, 5, 6, 7"
BACHELORS_EXPRESS,Butuan,,,Davao,,,12:00 AM,4:00 AM,Premium Class,₱980 SP/₱1100 FULL,"1, 2, 3, 4, 5, 6, 7"
BACHELORS_EXPRESS,Butuan,,,Davao,,,10:00 PM,2:00 AM,Premium Class,₱980 SP/₱1100 FULL,"1, 2, 3, 4, 5, 6, 7"
BACHELORS_EXPRESS,Butuan,,,Davao,,,8:00 PM,12:00 AM,Premium Class,₱980 SP/₱1100 FULL,"1, 2, 3, 4, 5, 6, 7"
BACHELORS_EXPRESS,Butuan,,,Davao,,,8:00 AM,3:00 PM,Standard AC,₱980 SP/₱1100 FULL,"1, 2, 3, 4, 5, 6, 7"
BACHELORS_EXPRESS,Butuan,,,Davao,,,6:00 AM,1:00 PM,Standard AC,₱980 SP/₱1100 FULL,"1, 2, 3, 4, 5, 6, 7"
BACHELORS_EXPRESS,Butuan,,,Davao,,,4:15 AM,11:15 AM,Standard AC,₱980 SP/₱1100 FULL,"1, 2, 3, 4, 5, 6, 7"
BACHELORS_EXPRESS,Butuan,,,Davao,,,1:30 AM,8:30 AM,Standard AC,₱980 SP/₱1100 FULL,"1, 2, 3, 4, 5, 6, 7"
BACHELORS_EXPRESS,Davao ,,,Cateel (Via Mangagoy),,,5:00 AM,,AIRCON,₱520 SP/₱650 FULL,"5, 6, 7, 1"
BACHELORS_EXPRESS,Davao ,,,Cateel (Via Mangagoy),,,8:00 AM,,AIRCON,₱520 SP/₱650 FULL,"5, 6, 7, 1"
BACHELORS_EXPRESS,Cateel (Via Mangagoy) ,,,Davao,,,5:00 AM,,AIRCON,₱520 SP/₱650 FULL,"5, 6, 7, 1"
BACHELORS_EXPRESS,Cateel (Via Mangagoy) ,,,Davao,,,11:00 AM,,AIRCON,₱520 SP/₱650 FULL,"5, 6, 7, 1"
BACHELORS_EXPRESS,Davao ,,,Mati,,,2:30 AM,,AIRCON,₱316 SP/₱392 FULL,"5, 6, 7, 1"
BACHELORS_EXPRESS,Davao ,,,Mati,,,3:10 AM,,AIRCON,₱316 SP/₱392 FULL,"5, 6, 7, 1"
BACHELORS_EXPRESS,Davao ,,,Mati,,,3:50 AM,,AIRCON,₱316 SP/₱392 FULL,"5, 6, 7, 1"
BACHELORS_EXPRESS,Davao ,,,Mati,,,4:30 AM,,AIRCON,₱316 SP/₱392 FULL,"5, 6, 7, 1"
BACHELORS_EXPRESS,Davao ,,,Mati,,,5:00 AM,,AIRCON,₱316 SP/₱392 FULL,"5, 6, 7, 1"
BACHELORS_EXPRESS,Davao ,,,Mati,,,5:40 AM,,AIRCON,₱316 SP/₱392 FULL,"5, 6, 7, 1"
BACHELORS_EXPRESS,Davao ,,,Mati,,,6:20 AM,,AIRCON,₱316 SP/₱392 FULL,"5, 6, 7, 1"
BACHELORS_EXPRESS,Davao ,,,Mati,,,7:00 AM,,AIRCON,₱316 SP/₱392 FULL,"5, 6, 7, 1"
BACHELORS_EXPRESS,Davao ,,,Mati,,,7:40 AM,,AIRCON,₱316 SP/₱392 FULL,"5, 6, 7, 1"
BACHELORS_EXPRESS,Davao ,,,Mati,,,8:20 AM,,AIRCON,₱316 SP/₱392 FULL,"5, 6, 7, 1"
BACHELORS_EXPRESS,Davao ,,,Mati,,,9:00 AM,,AIRCON,₱316 SP/₱392 FULL,"5, 6, 7, 1"
BACHELORS_EXPRESS,Davao ,,,Mati,,,10:00 AM,,AIRCON,₱316 SP/₱392 FULL,"5, 6, 7, 1"
BACHELORS_EXPRESS,Davao ,,,Mati,,,11:00 AM,,AIRCON,₱316 SP/₱392 FULL,"5, 6, 7, 1"
BACHELORS_EXPRESS,Davao ,,,Mati,,,11:40 AM,,AIRCON,₱316 SP/₱392 FULL,"5, 6, 7, 1"
BACHELORS_EXPRESS,Davao ,,,Mati,,,12:30 PM,,AIRCON,₱316 SP/₱392 FULL,"5, 6, 7, 1"
BACHELORS_EXPRESS,Davao ,,,Mati,,,1:15 PM,,AIRCON,₱316 SP/₱392 FULL,"5, 6, 7, 1"
BACHELORS_EXPRESS,Davao ,,,Mati,,,2:00 PM,,AIRCON,₱316 SP/₱392 FULL,"5, 6, 7, 1"
BACHELORS_EXPRESS,Davao ,,,Mati,,,3:00 PM,,AIRCON,₱316 SP/₱392 FULL,"5, 6, 7, 1"
BACHELORS_EXPRESS,Davao ,,,Mati,,,3:40 PM,,AIRCON,₱316 SP/₱392 FULL,"5, 6, 7, 1"
BACHELORS_EXPRESS,Davao ,,,Mati,,,4:20 PM,,AIRCON,₱316 SP/₱392 FULL,"5, 6, 7, 1"
BACHELORS_EXPRESS,Davao ,,,Mati,,,5:00 PM,,AIRCON,₱316 SP/₱392 FULL,"5, 6, 7, 1"
BACHELORS_EXPRESS,Davao ,,,Mati,,,6:00 PM,,AIRCON,₱316 SP/₱392 FULL,"5, 6, 7, 1"
BACHELORS_EXPRESS,Davao ,,,Tandag,,,6:00 AM,,AIRCON,₱624 SP/₱780 FULL,"2, 3, 4"
BACHELORS_EXPRESS,Davao ,,,Tandag,,,8:00 AM,,AIRCON,₱624 SP/₱780 FULL,"2, 3, 4"
BACHELORS_EXPRESS,Davao ,,,Tandag,,,6:00 PM,,AIRCON,₱624 SP/₱780 FULL,"2, 3, 4"
BACHELORS_EXPRESS,Tandag ,,,Davao,,,6:00 AM,,AIRCON,₱624 SP/₱780 FULL,"2, 3, 4"
BACHELORS_EXPRESS,Tandag ,,,Davao,,,8:00 AM,,AIRCON,₱624 SP/₱780 FULL,"2, 3, 4"
BACHELORS_EXPRESS,Tandag ,,,Davao,,,6:00 PM,,AIRCON,₱624 SP/₱780 FULL,"2, 3, 4"
BACHELORS_EXPRESS,Davao,,,Tandag,,,6:00 AM,,AIRCON,₱624 SP/₱780 FULL,"5, 6, 7, 1"
BACHELORS_EXPRESS,Davao,,,Tandag,,,8:00 AM,,AIRCON,₱624 SP/₱780 FULL,"5, 6, 7, 1"
BACHELORS_EXPRESS,Davao,,,Tandag,,,6:00 PM,,AIRCON,₱624 SP/₱780 FULL,"5, 6, 7, 1"
BACHELORS_EXPRESS,Davao,,,Tandag,,,12:00 AM,,AIRCON,₱624 SP/₱780 FULL,"5, 6, 7, 1"
BACHELORS_EXPRESS,Tandag ,,,Davao,,,6:00 AM,,AIRCON,₱624 SP/₱780 FULL,"5, 6, 7, 1"
BACHELORS_EXPRESS,Tandag ,,,Davao,,,8:00 AM,,AIRCON,₱624 SP/₱780 FULL,"5, 6, 7, 1"
BACHELORS_EXPRESS,Tandag ,,,Davao,,,6:00 PM,,AIRCON,₱624 SP/₱780 FULL,"5, 6, 7, 1"
BACHELORS_EXPRESS,Tandag ,,,Davao,,,9:00 PM,,AIRCON,₱624 SP/₱780 FULL,"5, 6, 7, 1"
BACHELORS_EXPRESS,Davao,,,Mati,,,2:30 AM,,AIRCON,₱316 SP/₱392 FULL,"2, 3, 4"
BACHELORS_EXPRESS,Davao,,,Mati,,,3:10 AM,,AIRCON,₱316 SP/₱392 FULL,"2, 3, 4"
BACHELORS_EXPRESS,Davao,,,Mati,,,3:50 AM,,AIRCON,₱316 SP/₱392 FULL,"2, 3, 4"
BACHELORS_EXPRESS,Davao,,,Mati,,,4:30 AM,,AIRCON,₱316 SP/₱392 FULL,"2, 3, 4"
BACHELORS_EXPRESS,Davao,,,Mati,,,5:00 AM,,AIRCON,₱316 SP/₱392 FULL,"2, 3, 4"
BACHELORS_EXPRESS,Davao,,,Mati,,,5:40 AM,,AIRCON,₱316 SP/₱392 FULL,"2, 3, 4"
BACHELORS_EXPRESS,Davao,,,Mati,,,6:20 AM,,AIRCON,₱316 SP/₱392 FULL,"2, 3, 4"
BACHELORS_EXPRESS,Davao,,,Mati,,,7:00 AM,,AIRCON,₱316 SP/₱392 FULL,"2, 3, 4"
BACHELORS_EXPRESS,Davao,,,Mati,,,7:40 AM,,AIRCON,₱316 SP/₱392 FULL,"2, 3, 4"
BACHELORS_EXPRESS,Davao,,,Mati,,,8:20 AM,,AIRCON,₱316 SP/₱392 FULL,"2, 3, 4"
BACHELORS_EXPRESS,Davao,,,Mati,,,9:00 AM,,AIRCON,₱316 SP/₱392 FULL,"2, 3, 4"
BACHELORS_EXPRESS,Davao,,,Mati,,,10:00 AM,,AIRCON,₱316 SP/₱392 FULL,"2, 3, 4"
BACHELORS_EXPRESS,Davao,,,Mati,,,11:00 AM,,AIRCON,₱316 SP/₱392 FULL,"2, 3, 4"
BACHELORS_EXPRESS,Davao,,,Mati,,,11:40 AM,,AIRCON,₱316 SP/₱392 FULL,"2, 3, 4"
BACHELORS_EXPRESS,Davao,,,Mati,,,12:30 PM,,AIRCON,₱316 SP/₱392 FULL,"2, 3, 4"
BACHELORS_EXPRESS,Davao,,,Mati,,,1:15 PM,,AIRCON,₱316 SP/₱392 FULL,"2, 3, 4"
BACHELORS_EXPRESS,Davao,,,Mati,,,2:00 PM,,AIRCON,₱316 SP/₱392 FULL,"2, 3, 4"
BACHELORS_EXPRESS,Davao,,,Mati,,,3:00 PM,,AIRCON,₱316 SP/₱392 FULL,"2, 3, 4"
BACHELORS_EXPRESS,Davao,,,Mati,,,3:40 PM,,AIRCON,₱316 SP/₱392 FULL,"2, 3, 4"
BACHELORS_EXPRESS,Davao,,,Mati,,,4:20 PM,,AIRCON,₱316 SP/₱392 FULL,"2, 3, 4"
BACHELORS_EXPRESS,Davao,,,Mati,,,5:00 PM,,AIRCON,₱316 SP/₱392 FULL,"2, 3, 4"
BACHELORS_EXPRESS,Davao,,,Mati,,,6:00 PM,,AIRCON,₱316 SP/₱392 FULL,"2, 3, 4"
BACHELORS_EXPRESS,Mati ,,,Davao,,,2:30 AM,,AIRCON,₱316 SP/₱392 FULL,"2, 3, 4"
BACHELORS_EXPRESS,Mati ,,,Davao,,,3:10 AM,,AIRCON,₱316 SP/₱392 FULL,"2, 3, 4"
BACHELORS_EXPRESS,Mati ,,,Davao,,,3:50 AM,,AIRCON,₱316 SP/₱392 FULL,"2, 3, 4"
BACHELORS_EXPRESS,Mati ,,,Davao,,,4:30 AM,,AIRCON,₱316 SP/₱392 FULL,"2, 3, 4"
BACHELORS_EXPRESS,Mati ,,,Davao,,,5:00 AM,,AIRCON,₱316 SP/₱392 FULL,"2, 3, 4"
BACHELORS_EXPRESS,Mati ,,,Davao,,,5:40 AM,,AIRCON,₱316 SP/₱392 FULL,"2, 3, 4"
BACHELORS_EXPRESS,Mati ,,,Davao,,,6:20 AM,,AIRCON,₱316 SP/₱392 FULL,"2, 3, 4"
BACHELORS_EXPRESS,Mati ,,,Davao,,,7:00 AM,,AIRCON,₱316 SP/₱392 FULL,"2, 3, 4"
BACHELORS_EXPRESS,Mati ,,,Davao,,,7:40 AM,,AIRCON,₱316 SP/₱392 FULL,"2, 3, 4"
BACHELORS_EXPRESS,Mati ,,,Davao,,,8:20 AM,,AIRCON,₱316 SP/₱392 FULL,"2, 3, 4"
BACHELORS_EXPRESS,Mati ,,,Davao,,,9:00 AM,,AIRCON,₱316 SP/₱392 FULL,"2, 3, 4"
BACHELORS_EXPRESS,Mati ,,,Davao,,,10:00 AM,,AIRCON,₱316 SP/₱392 FULL,"2, 3, 4"
BACHELORS_EXPRESS,Mati ,,,Davao,,,11:00 AM,,AIRCON,₱316 SP/₱392 FULL,"2, 3, 4"
BACHELORS_EXPRESS,Mati ,,,Davao,,,11:40 AM,,AIRCON,₱316 SP/₱392 FULL,"2, 3, 4"
BACHELORS_EXPRESS,Mati ,,,Davao,,,12:30 PM,,AIRCON,₱316 SP/₱392 FULL,"2, 3, 4"
BACHELORS_EXPRESS,Mati ,,,Davao,,,1:15 PM,,AIRCON,₱316 SP/₱392 FULL,"2, 3, 4"
BACHELORS_EXPRESS,Mati ,,,Davao,,,2:00 PM,,AIRCON,₱316 SP/₱392 FULL,"2, 3, 4"
BACHELORS_EXPRESS,Mati ,,,Davao,,,3:00 PM,,AIRCON,₱316 SP/₱392 FULL,"2, 3, 4"
BACHELORS_EXPRESS,Mati ,,,Davao,,,3:40 PM,,AIRCON,₱316 SP/₱392 FULL,"2, 3, 4"
BACHELORS_EXPRESS,Mati ,,,Davao,,,4:20 PM,,AIRCON,₱316 SP/₱392 FULL,"2, 3, 4"
BACHELORS_EXPRESS,Mati ,,,Davao,,,5:00 PM,,AIRCON,₱316 SP/₱392 FULL,"2, 3, 4"
BACHELORS_EXPRESS,Mati ,,,Davao,,,6:00 PM,,AIRCON,₱316 SP/₱392 FULL,"2, 3, 4"
BACHELORS_EXPRESS,Mati ,,,Davao,,,6:30 PM,,AIRCON,₱316 SP/₱392 FULL,"2, 3, 4"
BACHELORS_EXPRESS,Mati ,,,Davao,,,7:00 PM,,AIRCON,₱316 SP/₱392 FULL,"2, 3, 4"
BACHELORS_EXPRESS,Mati ,,,Davao,,,2:30 AM,,AIRCON,₱316 SP/₱392 FULL,"5, 6, 7, 1"
BACHELORS_EXPRESS,"Mati (Fri, Sat, Sun, Mon)",,,Davao,,,3:10 AM,,AIRCON,₱316 SP/₱392 FULL,"5, 6, 7, 1"
BACHELORS_EXPRESS,"Mati (Fri, Sat, Sun, Mon)",,,Davao,,,3:50 AM,,AIRCON,₱316 SP/₱392 FULL,"5, 6, 7, 1"
BACHELORS_EXPRESS,"Mati (Fri, Sat, Sun, Mon)",,,Davao,,,4:30 AM,,AIRCON,₱316 SP/₱392 FULL,"5, 6, 7, 1"
BACHELORS_EXPRESS,"Mati (Fri, Sat, Sun, Mon)",,,Davao,,,5:00 AM,,AIRCON,₱316 SP/₱392 FULL,"5, 6, 7, 1"
BACHELORS_EXPRESS,"Mati (Fri, Sat, Sun, Mon)",,,Davao,,,5:40 AM,,AIRCON,₱316 SP/₱392 FULL,"5, 6, 7, 1"
BACHELORS_EXPRESS,"Mati (Fri, Sat, Sun, Mon)",,,Davao,,,6:20 AM,,AIRCON,₱316 SP/₱392 FULL,"5, 6, 7, 1"
BACHELORS_EXPRESS,"Mati (Fri, Sat, Sun, Mon)",,,Davao,,,7:00 AM,,AIRCON,₱316 SP/₱392 FULL,"5, 6, 7, 1"
BACHELORS_EXPRESS,"Mati (Fri, Sat, Sun, Mon)",,,Davao,,,7:40 AM,,AIRCON,₱316 SP/₱392 FULL,"5, 6, 7, 1"
BACHELORS_EXPRESS,"Mati (Fri, Sat, Sun, Mon)",,,Davao,,,8:20 AM,,AIRCON,₱316 SP/₱392 FULL,"5, 6, 7, 1"
BACHELORS_EXPRESS,"Mati (Fri, Sat, Sun, Mon)",,,Davao,,,9:00 AM,,AIRCON,₱316 SP/₱392 FULL,"5, 6, 7, 1"
BACHELORS_EXPRESS,"Mati (Fri, Sat, Sun, Mon)",,,Davao,,,10:00 AM,,AIRCON,₱316 SP/₱392 FULL,"5, 6, 7, 1"
BACHELORS_EXPRESS,"Mati (Fri, Sat, Sun, Mon)",,,Davao,,,11:00 AM,,AIRCON,₱316 SP/₱392 FULL,"5, 6, 7, 1"
BACHELORS_EXPRESS,"Mati (Fri, Sat, Sun, Mon)",,,Davao,,,11:40 AM,,AIRCON,₱316 SP/₱392 FULL,"5, 6, 7, 1"
BACHELORS_EXPRESS,"Mati (Fri, Sat, Sun, Mon)",,,Davao,,,12:30 PM,,AIRCON,₱316 SP/₱392 FULL,"5, 6, 7, 1"
BACHELORS_EXPRESS,"Mati (Fri, Sat, Sun, Mon)",,,Davao,,,1:15 PM,,AIRCON,₱316 SP/₱392 FULL,"5, 6, 7, 1"
BACHELORS_EXPRESS,"Mati (Fri, Sat, Sun, Mon)",,,Davao,,,2:00 PM,,AIRCON,₱316 SP/₱392 FULL,"5, 6, 7, 1"
BACHELORS_EXPRESS,"Mati (Fri, Sat, Sun, Mon)",,,Davao,,,3:00 PM,,AIRCON,₱316 SP/₱392 FULL,"5, 6, 7, 1"
BACHELORS_EXPRESS,"Mati (Fri, Sat, Sun, Mon)",,,Davao,,,3:40 PM,,AIRCON,₱316 SP/₱392 FULL,"5, 6, 7, 1"
BACHELORS_EXPRESS,"Mati (Fri, Sat, Sun, Mon)",,,Davao,,,4:20 PM,,AIRCON,₱316 SP/₱392 FULL,"5, 6, 7, 1"
BACHELORS_EXPRESS,"Mati (Fri, Sat, Sun, Mon)",,,Davao,,,5:00 PM,,AIRCON,₱316 SP/₱392 FULL,"5, 6, 7, 1"
BACHELORS_EXPRESS,"Mati (Fri, Sat, Sun, Mon)",,,Davao,,,6:00 PM,,AIRCON,₱316 SP/₱392 FULL,"5, 6, 7, 1"
BACHELORS_EXPRESS,"Mati (Fri, Sat, Sun, Mon)",,,Davao,,,6:30 PM,,AIRCON,₱316 SP/₱392 FULL,"5, 6, 7, 1"
BACHELORS_EXPRESS,"Mati (Fri, Sat, Sun, Mon)",,,Davao,,,7:00 PM,,AIRCON,₱316 SP/₱392 FULL,"5, 6, 7, 1"
BACHELORS_EXPRESS,Davao ,,,Sigaboy,,,6:00 AM,,AIRCON,₱280 SP/₱350 FULL,"2, 3, 4"
BACHELORS_EXPRESS,Davao ,,,Sigaboy,,,8:00 AM,,AIRCON,₱280 SP/₱350 FULL,"2, 3, 4"
BACHELORS_EXPRESS,Davao ,,,Sigaboy,,,12:00 PM,,AIRCON,₱280 SP/₱350 FULL,"2, 3, 4"
BACHELORS_EXPRESS,Davao ,,,Sigaboy,,,2:30 PM,,AIRCON,₱280 SP/₱350 FULL,"2, 3, 4"
BACHELORS_EXPRESS,Sigaboy,,,Davao,,,4:30 AM,,AIRCON,₱280 SP/₱350 FULL,"2, 3, 4"
BACHELORS_EXPRESS,Sigaboy,,,Davao,,,6:00 AM,,AIRCON,₱280 SP/₱350 FULL,"2, 3, 4"
BACHELORS_EXPRESS,Sigaboy,,,Davao,,,8:00 AM,,AIRCON,₱280 SP/₱350 FULL,"2, 3, 4"
BACHELORS_EXPRESS,Sigaboy,,,Davao,,,11:00 AM,,AIRCON,₱280 SP/₱350 FULL,"2, 3, 4"
BACHELORS_EXPRESS,Davao,,,Tacloban,,,4:00 AM,,AIRCON,,
BACHELORS_EXPRESS,Davao,,,Tacloban,,,9:00 AM,,AIRCON,,
BACHELORS_EXPRESS,Davao,,,Tacloban,,,6:00 PM,,AIRCON,,
BACHELORS_EXPRESS,Tacloban,,,Davao,,,7:00 AM,,AIRCON,,
BACHELORS_EXPRESS,Tacloban,,,Davao,,,12:00 PM,,AIRCON,,
BACHELORS_EXPRESS,Tacloban,,,Davao,,,6:00 PM,,AIRCON,,
BACHELORS_EXPRESS,Davao,,,Ormoc,,,6:00 AM,,AIRCON,,
BACHELORS_EXPRESS,Davao,,,Ormoc,,,11:00 AM,,AIRCON,,
BACHELORS_EXPRESS,Davao,,,Ormoc,,,4:00 PM,,AIRCON,,
BACHELORS_EXPRESS,Ormoc,,,Davao,,,5:00 AM,,AIRCON,,
BACHELORS_EXPRESS,Ormoc,,,Davao,,,10:00 AM,,AIRCON,,
BACHELORS_EXPRESS,Ormoc,,,Davao,,,2:00 PM,,AIRCON,,
BACHELORS_EXPRESS,Davao ,,,Mangagoy,,,2:00 AM,,AIRCON,,"5, 6, 7, 1"
BACHELORS_EXPRESS,Davao ,,,Mangagoy,,,2:40 AM,,AIRCON,,"5, 6, 7, 1"
BACHELORS_EXPRESS,Davao ,,,Mangagoy,,,3:20 AM,,AIRCON,,"5, 6, 7, 1"
BACHELORS_EXPRESS,Davao ,,,Mangagoy,,,4:00 AM,,AIRCON,,"5, 6, 7, 1"
BACHELORS_EXPRESS,Davao ,,,Mangagoy,,,4:40 AM,,AIRCON,,"5, 6, 7, 1"
BACHELORS_EXPRESS,Davao ,,,Mangagoy,,,5:20 AM,,AIRCON,,"5, 6, 7, 1"
BACHELORS_EXPRESS,Davao ,,,Mangagoy,,,6:00 AM,,AIRCON,,"5, 6, 7, 1"
BACHELORS_EXPRESS,Davao ,,,Mangagoy,,,6:40 AM,,AIRCON,,"5, 6, 7, 1"
BACHELORS_EXPRESS,Davao ,,,Mangagoy,,,7:20 AM,,AIRCON,,"5, 6, 7, 1"
BACHELORS_EXPRESS,Davao ,,,Mangagoy,,,8:00 AM,,AIRCON,,"5, 6, 7, 1"
BACHELORS_EXPRESS,Davao ,,,Mangagoy,,,8:40 AM,,AIRCON,,"5, 6, 7, 1"
BACHELORS_EXPRESS,Davao ,,,Mangagoy,,,9:40 AM,,AIRCON,,"5, 6, 7, 1"
BACHELORS_EXPRESS,Davao ,,,Mangagoy,,,10:40 AM,,AIRCON,,"5, 6, 7, 1"
BACHELORS_EXPRESS,Davao ,,,Mangagoy,,,12:00 PM,,AIRCON,,"5, 6, 7, 1"
BACHELORS_EXPRESS,Davao ,,,Mangagoy,,,1:00 PM,,AIRCON,,"5, 6, 7, 1"
BACHELORS_EXPRESS,Davao ,,,Mangagoy,,,2:00 PM,,AIRCON,,"5, 6, 7, 1"
BACHELORS_EXPRESS,Davao ,,,Mangagoy,,,3:00 PM,,AIRCON,,"5, 6, 7, 1"
BACHELORS_EXPRESS,Davao ,,,Mangagoy,,,4:00 PM,,AIRCON,,"5, 6, 7, 1"
BACHELORS_EXPRESS,Davao ,,,Mangagoy,,,3:00 AM,,AIRCON,,"2, 3, 4"
BACHELORS_EXPRESS,Davao ,,,Mangagoy,,,4:00 AM,,AIRCON,,"2, 3, 4"
BACHELORS_EXPRESS,Davao ,,,Mangagoy,,,5:00 AM,,AIRCON,,"2, 3, 4"
BACHELORS_EXPRESS,Davao ,,,Mangagoy,,,6:00 AM,,AIRCON,,"2, 3, 4"
BACHELORS_EXPRESS,Davao ,,,Mangagoy,,,7:00 AM,,AIRCON,,"2, 3, 4"
BACHELORS_EXPRESS,Davao ,,,Mangagoy,,,8:00 AM,,AIRCON,,"2, 3, 4"
BACHELORS_EXPRESS,Davao ,,,Mangagoy,,,9:00 AM,,AIRCON,,"2, 3, 4"
BACHELORS_EXPRESS,Davao ,,,Mangagoy,,,10:00 AM,,AIRCON,,"2, 3, 4"
BACHELORS_EXPRESS,Davao ,,,Mangagoy,,,10:40 AM,,AIRCON,,"2, 3, 4"
BACHELORS_EXPRESS,Davao ,,,Mangagoy,,,11:20 AM,,AIRCON,,"2, 3, 4"
BACHELORS_EXPRESS,Davao ,,,Mangagoy,,,12:00 PM,,AIRCON,,"2, 3, 4"
BACHELORS_EXPRESS,Davao ,,,Mangagoy,,,12:30 PM,,AIRCON,,"2, 3, 4"
BACHELORS_EXPRESS,Davao ,,,Mangagoy,,,1:00 PM,,AIRCON,,"2, 3, 4"
BACHELORS_EXPRESS,Davao ,,,Mangagoy,,,1:30 PM,,AIRCON,,"2, 3, 4"
BACHELORS_EXPRESS,Davao ,,,Mangagoy,,,2:00 PM,,AIRCON,,"2, 3, 4"
BACHELORS_EXPRESS,Davao ,,,Mangagoy,,,2:30 PM,,AIRCON,,"2, 3, 4"
BACHELORS_EXPRESS,Davao ,,,Mangagoy,,,3:00 PM,,AIRCON,,"2, 3, 4"
BACHELORS_EXPRESS,Davao ,,,Mangagoy,,,3:30 PM,,AIRCON,,"2, 3, 4"
BACHELORS_EXPRESS,Mangagoy ,,,Davao,,,2:00 AM,,AIRCON,,"2, 3, 4"
BACHELORS_EXPRESS,Mangagoy ,,,Davao,,,3:00 AM,,AIRCON,,"2, 3, 4"
BACHELORS_EXPRESS,Mangagoy ,,,Davao,,,4:00 AM,,AIRCON,,"2, 3, 4"
BACHELORS_EXPRESS,Mangagoy ,,,Davao,,,5:00 AM,,AIRCON,,"2, 3, 4"
BACHELORS_EXPRESS,Mangagoy ,,,Davao,,,6:00 AM,,AIRCON,,"2, 3, 4"
BACHELORS_EXPRESS,Mangagoy ,,,Davao,,,7:00 AM,,AIRCON,,"2, 3, 4"
BACHELORS_EXPRESS,Mangagoy ,,,Davao,,,8:00 AM,,AIRCON,,"2, 3, 4"
BACHELORS_EXPRESS,Mangagoy ,,,Davao,,,9:00 AM,,AIRCON,,"2, 3, 4"
BACHELORS_EXPRESS,Mangagoy ,,,Davao,,,10:00 AM,,AIRCON,,"2, 3, 4"
BACHELORS_EXPRESS,Mangagoy ,,,Davao,,,11:00 AM,,AIRCON,,"2, 3, 4"
BACHELORS_EXPRESS,Mangagoy ,,,Davao,,,12:00 PM,,AIRCON,,"2, 3, 4"
BACHELORS_EXPRESS,Mangagoy ,,,Davao,,,1:00 PM,,AIRCON,,"2, 3, 4"
BACHELORS_EXPRESS,Mangagoy ,,,Davao,,,2:00 PM,,AIRCON,,"2, 3, 4"
BACHELORS_EXPRESS,Mangagoy ,,,Davao,,,3:00 PM,,AIRCON,,"2, 3, 4"
BACHELORS_EXPRESS,Mangagoy ,,,Davao,,,4:00 PM,,AIRCON,,"2, 3, 4"
BACHELORS_EXPRESS,Mangagoy ,,,Davao,,,5:00 PM,,AIRCON,,"2, 3, 4"
BACHELORS_EXPRESS,Mangagoy ,,,Davao,,,2:00 AM,,AIRCON,,"5, 6, 7, 1"
BACHELORS_EXPRESS,Mangagoy ,,,Davao,,,2:40 AM,,AIRCON,,"5, 6, 7, 1"
BACHELORS_EXPRESS,Mangagoy ,,,Davao,,,3:20 AM,,AIRCON,,"5, 6, 7, 1"
BACHELORS_EXPRESS,Mangagoy ,,,Davao,,,4:00 AM,,AIRCON,,"5, 6, 7, 1"
BACHELORS_EXPRESS,Mangagoy ,,,Davao,,,4:40 AM,,AIRCON,,"5, 6, 7, 1"
BACHELORS_EXPRESS,Mangagoy ,,,Davao,,,5:20 AM,,AIRCON,,"5, 6, 7, 1"
BACHELORS_EXPRESS,Mangagoy ,,,Davao,,,6:00 AM,,AIRCON,,"5, 6, 7, 1"
BACHELORS_EXPRESS,Mangagoy ,,,Davao,,,6:40 AM,,AIRCON,,"5, 6, 7, 1"
BACHELORS_EXPRESS,Mangagoy ,,,Davao,,,7:20 AM,,AIRCON,,"5, 6, 7, 1"
BACHELORS_EXPRESS,Mangagoy ,,,Davao,,,8:00 AM,,AIRCON,,"5, 6, 7, 1"
BACHELORS_EXPRESS,Mangagoy ,,,Davao,,,8:40 AM,,AIRCON,,"5, 6, 7, 1"
BACHELORS_EXPRESS,Mangagoy ,,,Davao,,,10:40 AM,,AIRCON,,"5, 6, 7, 1"
BACHELORS_EXPRESS,Mangagoy ,,,Davao,,,12:00 PM,,AIRCON,,"5, 6, 7, 1"
BACHELORS_EXPRESS,Mangagoy ,,,Davao,,,1:00 PM,,AIRCON,,"5, 6, 7, 1"
BACHELORS_EXPRESS,Mangagoy ,,,Davao,,,2:00 PM,,AIRCON,,"5, 6, 7, 1"
BACHELORS_EXPRESS,Mangagoy ,,,Davao,,,3:00 PM,,AIRCON,,"5, 6, 7, 1"
BACHELORS_EXPRESS,Mangagoy ,,,Davao,,,4:00 PM,,AIRCON,,"5, 6, 7, 1"
BACHELORS_EXPRESS,Mangagoy ,,,Davao,,,5:00 PM,,AIRCON,,"5, 6, 7, 1"
BACHELORS_EXPRESS,Davao,,,Pundaguitan,,,2:00 AM,,NON-AIRCON,,"5, 6, 7, 1"
BACHELORS_EXPRESS,Davao,,,Pundaguitan,,,3:00 AM,,NON-AIRCON,,"5, 6, 7, 1"
BACHELORS_EXPRESS,Davao,,,Pundaguitan,,,4:00 AM,,NON-AIRCON,,"5, 6, 7, 1"
BACHELORS_EXPRESS,Davao,,,Pundaguitan,,,8:00 AM,,NON-AIRCON,,"5, 6, 7, 1"
BACHELORS_EXPRESS,Davao,,,Pundaguitan,,,10:00 AM,,NON-AIRCON,,"5, 6, 7, 1"
BACHELORS_EXPRESS,Davao,,,Pundaguitan,,,1:00 PM,,NON-AIRCON,,"5, 6, 7, 1"
BACHELORS_EXPRESS,Pundaguitan ,,,Davao,,,6:00 AM,,NON-AIRCON,,"5, 6, 7, 1"
BACHELORS_EXPRESS,Pundaguitan ,,,Davao,,,7:30 AM,,NON-AIRCON,,"5, 6, 7, 1"
BACHELORS_EXPRESS,Pundaguitan ,,,Davao,,,9:00 AM,,NON-AIRCON,,"5, 6, 7, 1"
BACHELORS_EXPRESS,Pundaguitan ,,,Davao,,,11:30 AM,,NON-AIRCON,,"5, 6, 7, 1"
BACHELORS_EXPRESS,Pundaguitan ,,,Davao,,,1:00 PM,,NON-AIRCON,,"5, 6, 7, 1"
BACHELORS_EXPRESS,Pundaguitan ,,,Davao,,,2:30 PM,,NON-AIRCON,,"5, 6, 7, 1"
BACHELORS_EXPRESS,Davao,,,Sto - Tomas,,,7:00 AM,,AIRCON,,"5, 6, 7, 1"
BACHELORS_EXPRESS,Davao,,,Sto - Tomas,,,8:00 AM,,AIRCON,,"5, 6, 7, 1"
BACHELORS_EXPRESS,Davao,,,Sto - Tomas,,,9:00 AM,,AIRCON,,"5, 6, 7, 1"
BACHELORS_EXPRESS,Davao,,,Sto - Tomas,,,10:00 AM,,AIRCON,,"5, 6, 7, 1"
BACHELORS_EXPRESS,Davao,,,Sto - Tomas,,,11:00 AM,,AIRCON,,"5, 6, 7, 1"
BACHELORS_EXPRESS,Davao,,,Sto - Tomas,,,12:00 PM,,AIRCON,,"5, 6, 7, 1"
BACHELORS_EXPRESS,Davao,,,Sto - Tomas,,,1:00 PM,,AIRCON,,"5, 6, 7, 1"
BACHELORS_EXPRESS,Davao,,,Sto - Tomas,,,2:00 PM,,AIRCON,,"5, 6, 7, 1"
BACHELORS_EXPRESS,Davao,,,Sto - Tomas,,,3:00 PM,,AIRCON,,"5, 6, 7, 1"
BACHELORS_EXPRESS,Davao,,,Sto - Tomas,,,4:00 PM,,AIRCON,,"5, 6, 7, 1"
BACHELORS_EXPRESS,Davao,,,Sto - Tomas,,,5:00 PM,,AIRCON,,"5, 6, 7, 1"
BACHELORS_EXPRESS,Davao,,,Sto - Tomas,,,6:00 PM,,AIRCON,,"5, 6, 7, 1"
BACHELORS_EXPRESS,Sto - Tomas,,,Davao,,,7:00 AM,,AIRCON,,"5, 6, 7, 1"
BACHELORS_EXPRESS,Sto - Tomas,,,Davao,,,8:00 AM,,AIRCON,,"5, 6, 7, 1"
BACHELORS_EXPRESS,Sto - Tomas,,,Davao,,,9:00 AM,,AIRCON,,"5, 6, 7, 1"
BACHELORS_EXPRESS,Sto - Tomas,,,Davao,,,10:00 AM,,AIRCON,,"5, 6, 7, 1"
BACHELORS_EXPRESS,Sto - Tomas,,,Davao,,,11:00 AM,,AIRCON,,"5, 6, 7, 1"
BACHELORS_EXPRESS,Sto - Tomas,,,Davao,,,12:00 PM,,AIRCON,,"5, 6, 7, 1"
BACHELORS_EXPRESS,Sto - Tomas,,,Davao,,,1:00 PM,,AIRCON,,"5, 6, 7, 1"
BACHELORS_EXPRESS,Sto - Tomas,,,Davao,,,2:00 PM,,AIRCON,,"5, 6, 7, 1"
BACHELORS_EXPRESS,Sto - Tomas,,,Davao,,,3:00 PM,,AIRCON,,"5, 6, 7, 1"
BACHELORS_EXPRESS,Sto - Tomas,,,Davao,,,4:00 PM,,AIRCON,,"5, 6, 7, 1"
BACHELORS_EXPRESS,Sto - Tomas,,,Davao,,,5:00 PM,,AIRCON,,"5, 6, 7, 1"
BACHELORS_EXPRESS,Sto - Tomas,,,Davao,,,6:00 PM,,AIRCON,,"5, 6, 7, 1"
BACHELORS_EXPRESS,Davao,,,Sto - Tomas,,,7:00 AM,,AIRCON,,"2, 3, 4"
BACHELORS_EXPRESS,Davao,,,Sto - Tomas,,,9:00 AM,,AIRCON,,"2, 3, 4"
BACHELORS_EXPRESS,Davao,,,Sto - Tomas,,,11:00 AM,,AIRCON,,"2, 3, 4"
BACHELORS_EXPRESS,Davao,,,Sto - Tomas,,,1:00 PM,,AIRCON,,"2, 3, 4"
BACHELORS_EXPRESS,Davao,,,Sto - Tomas,,,3:00 PM,,AIRCON,,"2, 3, 4"
BACHELORS_EXPRESS,Davao,,,Sto - Tomas,,,5:00 PM,,AIRCON,,"2, 3, 4"
BACHELORS_EXPRESS,Sto - Tomas ,,,Davao,,,7:00 AM,,AIRCON,,"2, 3, 4"
BACHELORS_EXPRESS,Sto - Tomas ,,,Davao,,,9:00 AM,,AIRCON,,"2, 3, 4"
BACHELORS_EXPRESS,Sto - Tomas ,,,Davao,,,11:00 AM,,AIRCON,,"2, 3, 4"
BACHELORS_EXPRESS,Sto - Tomas ,,,Davao,,,1:00 PM,,AIRCON,,"2, 3, 4"
BACHELORS_EXPRESS,Sto - Tomas ,,,Davao,,,3:00 PM,,AIRCON,,"2, 3, 4"
BACHELORS_EXPRESS,Sto - Tomas ,,,Davao,,,5:00 PM,,AIRCON,,"2, 3, 4"